id,titles
tt0022100,Murderers Among Us%M - Eine Stadt sucht einen MÃ¶rder
tt0063049,DASturb
tt0069050,
tt0078721,
tt0086837,2010: The Year We Make Contact%2010: Odyssey Two
tt0096794,
tt0103874,Bram Stoker's Dracula%Dracula
tt0139239,
tt0194314,
tt0227005,
tt0283632,Wes Craven Presents: They
tt0303361,
tt0379370,Maqbool
tt0406977,Masti
tt0436364,
tt0465203,Ils
tt0790623,Meet Bill
tt0837796,
tt0976222,Rock On
tt1274586,In the Dying Light%Dying of the Light
tt1321511,
tt1396484,It: Chapter One
tt1560139,
tt2059255,
tt2597242,At the Devil's Door
tt2848292,Pitch Perfect 2
tt3153634,So-won
tt3704050,
tt3774694,
tt4126476,
tt4298958,Sweet Bean
tt4814290,Te3n
tt5442430,
tt7430722,
tt8085790,
tt8254556,
