index,created_utc,id,link_flair_css_class,num_comments,selftext,title,comments,assigned_comments
1,2020-09-19 20:00:22,iw4e7d,request,4,"Cheesy over the top 80's horror/action/comedy, with practical effects and loads of splatter...I just watched Dead Heat and flippin' loved it LOL.",Looking for something like Dead Heat (1988),"['LOL I just watched the trailer...it looks silly :)', ""Pandemonium (1982); not a ton of splatter, but it's a lot of fun"", 'They Live\n\nFull Eclipse\n\nSplit Second\n\nMore recently, Drive Angry', 'Dead Alive aka Brain Dead? \n\nReanimator']",4
2,2020-09-19 19:20:56,iw3t7c,suggest,3,"I remember seeing this movie back when it came out and HATING it, but in quarantine picked up the bluray out of boredom and kinda loved it. There are so many weird and memorable scenes (the squibs scene being a particular standout), not to mention lines of dialogue. Dwayne Johnson actually says ""I'm a pimp, and pimps don't commit suicide""

I'm still not sure it's GOOD exactly, and it's stupid that you have to read the comic book (which is on the bluray, which is nice at least), but something about it just really resonated with me.

Krysta Now especially feels like a total prediction of the kind of industry the Kardashians became, and the idea of the world going crazy and feverishly spiraling toward the apocalypse during an election year felt creepily prescient to me too.

I think if you go into this with an open mind, and read the book first, it's one hell of a headtrip and I really had a good time with it. There's certainly nothing else quite like it.",The world has caught up to Southland Tales,"['Yes! Totally forgot to mention that', 'Southland Tales is a treasure. You all owe it to yourself to give this ridiculous movie a chance.\n\nI mean good god, the cast is almost reason enough to watch it.', 'Im trippin; i thought that this was the racist Disney movie with Uncle Remus']",3
3,2020-09-19 19:16:22,iw3qs3,,7,"Feeling down about a few things. I would like a movie recommendation that I can watch where I get the feeling that all this stuff I feel (hopelessness) is trivial and that it will go away, and that everything will be good again.

I will 100% watch your recommendation tonight",Massively need to be cheered up right now and need recommendations,"['The Nice Guys', ""Amelie makes me feel like I'm surrounded by friends when I'm alone."", 'Hunt for the Wilderpeople!', 'Joe vs The Volcano is a surreal comedy that somehow manages to put life into perspective. Lost in Translation is another great film to watch and reflect on life. Her is a good companion piece to Lost in Translation, if you haven‚Äôt seen it, try and go into it blind, it‚Äôs a great movie', 'Peanut butter falcon', 'Little Miss Sunshine\n\nThe Way, Way Back\n\nJojo Rabbit\n\nSing Street\n\nZootopia\n\nUp\n\nLove Actually\n\nThe Greatest Showman\n\nGood Will Hunting\n\nThe Truman Show\n\nPleasantville\n\nAbout a Boy\n\nSilver Linings Playbook\n\nMrs. Doubtfire\n\nBridesmaids', 'It‚Äôs a wonderful life :) seems right up your alley but life is beautiful will make everything seem trivial.']",7
4,2020-09-19 18:25:20,iw2yt6,request,2,Maybe this is too specific. In wages of fear from 1954 there are two Italiens called Mario and Luigi. Luigi looks similar to super mario. Is there any other coincidense like that? Maybe a Link and Zelda love story from the 60‚Äôs,Movies with an coincidental connection to video games like ‚Äùwages of fear‚Äù 1954,"['One of the characters in *Troll* (1986) is named Harry Potter', ""There are often links made between the geometric cinema of Buster Keaton and 2D platform video games, but it's not as precise as your example. For instance : https://www.reddit.com/r/silentmoviegifs/comments/7kmu73/if_someone_ever_makes_a_buster_keaton_video_game/\n\nDonkey Kong is of course influenced by King Kong (in the first mario game he's at the top of the building, like the cinema one), but once again it's not a coincidence.""]",2
5,2020-09-19 16:14:26,iw0xmf,suggest,0,"I was looking for a movie to watch and my mom said hey you can watch that movie. The movies was like awesome it was thrilling. You should add this movie to your list or just watch. 

imdb page of movie [https://www.imdb.com/title/tt0116287/](https://www.imdb.com/title/tt0116287/)",Fear 1996,[],0
6,2020-09-19 16:05:24,iw0sit,request,12,"What instantly comes to mind is something like Safety Not Guaranteed or a coming-of-age sort of movie like Perks of Being a Wallflower, or Adult World etc, or something like the Secret Life of Walter Mitty. I've exhausted a lot of movies through google searches, but I am hoping there are more that I missed.

It can be romantic in nature, or not. Funny, or serious. But something that might offer life wisdom or perspective. I tend to prefer movies that are tagged ""quirky"" or ""independent"" for whatever that is worth (and means). Thanks!!","Looking for a slow-burn, sentimental, character/relationship building movie.","['Blue jay.', 'End of the Tour', 'I‚Äôd always go for Midnight Cowboy. A hustler and a con man form a friendship and go into business together. It really has some touching moments.', 'Thanks! Just watched it. Great movie.', 'Middle of Nowhere 2008\n\nThe Station Agent 2003\n\nTerri 2011', 'Sing Street\n\nOnce\n\nPortrait of a Lady on Fire\n\nLost in Translation \n\nMoonlight\n\nOnly Yesterday\n\nThe Wind Rises\n\nL√•t den r√§tte komma in \n\nLady Bird', '20th Century Woman\n\nOur Little Sister\n\nAnomalisa', '[A Brighter Summer Day](https://letterboxd.com/film/a-brighter-summer-day/)', '[deleted]', 'The Straight Story', 'Like someone in love', 'Outside In (2017)']",12
8,2020-09-19 15:17:38,ivzytn,request,0,"something that deals with consciousness and artificial immortality.

The Island (2005) kinda touchet that subject but not with **existential horror** which is the vibe that i want.

i i had to pause the game multiple times to think about my next actions.

and the ending, the last words that you hear from your character is ""please don't leave me alone"" , those who played [SOMA](https://store.steampowered.com/app/282140/SOMA/) knows exactly what i'm talking about

 

##",is there any movies like SOMA (video game),[],0
9,2020-09-19 14:01:40,ivyl7h,request,8,"I'd like to watch some interesting movies, maybe detective, mystery, thriller, neo noir or unusual drama. Something psychological, with darkish atmosphere. Pan's Labyrinth, Devil's Advocate, Others are great for example. But I don't want to see rapes, explicit torture/injuries or a lot of sex. Suggest me something please!",Dark PG-13/R movies,"[""Anything by Denis Villeneuve. *Enemy* is a movie about a Doppelganger (a few sex/topless scenes). *Prisoners* is a movie about a kidnapping (non-gory torture scenes). *Sicario* is a movie about the drug war. *Arrival* is about Aliens coming to Earth. *Blade Runner 2049* is the sequel to *Blade Runner,* and that's enough said.\n\nVilleneuve is also doing Dune, which comes out this year. Definitely my most anticipated film of the year."", '&gt; Mulholland Drive\n\n&gt; don‚Äôt want to see a lot of sex\n\nHmmm', ""the boy\n\nfrailty\n\ndead end\n\nparanorman\n\nbeetlejuice\n\npan's labyrinth\n\nthe orphanage\n\nhush (has 1 stabbing)\n\ncoraline\n\nsixth sense\n\npsycho (1 murder scene but you can't see what's happening; it's from 1960)\n\ndon't bother to knock (marilyn monroe, very unhinged babysitter)\n\nrear window\n\npicnic at hanging rock\n\nrosemary's baby"", 'Cure\n\nBlow Out\n\nMulholland Drive', ""The Ring \n\nJust watched last night has a very rainy/moody vibe and it's mostly an investigation"", 'Brick', 'Se7en (gory movie)\n\nFight Club\n\nThe Game\n\nThe Silence of The Lambs (gory movie)\n\nShutter Island\n\nCape Fear (also gory movie)\n\nPrimal Fear\n\nMystic River\n\nGone Baby Gone\n\nIdentity\n\nThe Sixth Sense\n\n12 Monkeys\n\nMemento', 'Nocturnal Animals\n\nNightcrawler\n\nPrisoners \n\nGone Girl\n\nDonnie Darko\n\nThe Machinist\n\nThe Road\n\nThe Killing of a sacred deer\n\nThree Billboards outside Ebbing, Missouri \n\nEnemy\n\nInsomnia\n\n--\n\nI love this kind of style, any more similar would be appreciated']",8
10,2020-09-19 13:37:10,ivy4d7,request,15,"Any suggestions for sci-fi movies that have battles with actual strategy and tactics?

A lot of sci-fi battles seem to be basically a mass of spaceships (etc) flying around randomly shooting everything they see, and there's no overall strategy really described.","Sci-fi movies with ""strategic"" battles.","['book also, try the Lost Fleet series by Jack Campbell. full on   detailed strategic space battles.', 'It‚Äôs been the same way with me for a lot of shows. Might give it another shot after I finish Hill House. Tried to watch it once, couldn‚Äôt make it past the kittens.', ""Yeah it's slow to start but once it gets going it's hard to stop watching"", 'Still need to get into that. Had a hard time following the first few episodes and definitely gonna be confused going in now.', 'And the expanse is pretty freaking great too', ""Ender's Game. 100% what you are looking for. It follows a military cadet throughout his training for war so military tactics and overall strategy is actually the main focus of the movie.\n\nBook is better (as is usually the case), but the movie is still pretty good, especially for what you are looking for."", ""Someone made a list of just the essential Dominion War plot line episodes (for anyone unfamiliar with Star Trek: Deep Space 9, it's the main militaristic conflict in the series). If anyone (including OP) is just looking for strategic space battles and some plot surrounding a large scale space war, those episodes might be the way to go. Here's the link to the list:\n\nhttps://tomeofnerd.com/dominion-war-guide-ds9"", 'THE LAST STARFIGHTER BREH', ""Anakin, I have the high ground?\n\nDistrict 9 has realistic sci-fi ground combat but I wouldn't say it is strategic, it's all tactics at that point. Another movie is Battle: Los Angeles which is basically a recruitment poster for the US Marines. 2019's The Blackout is the Russian equivalent but way less jingoistic.\n\nIf you're fine with 'one man army' style of sci-fi combat, there's:\n\n- Dredd\n- Edge of Tomorrow\n- Equilibrium\n- Hardcore Henry\n- The Matrix\n- Upgrade"", 'Never actually watched DS9. Alls I know is that every BSG space battle had an element of strategy and planning to it.', ""While I love it and it's fun, I wouldn't say they were particularly *strategic*."", 'So was DS9, which is a better series in my opinion. Maybe not filled to the gills, but at least 4 that I can recall off the top of my head.', ""Ugh I know right! I really wish there were more of these. I'ma lurk and see if anyone got suggestions. If you got a good imagination some of the warhammer 40k books do a great job with it, and the audio books are pretty good"", 'It‚Äôs a TV show, but BSG is filled to the gills with this type of thing. I absolutely love it.\n\nEdit: BSG being Battlestar Galactica.', 'Starship Troopers']",15
11,2020-09-19 13:15:25,ivxpui,request,52,"Looking to learn more about how the masses are manipulated through media, anything involving manipulation and preying on the human minds weakness en masse.","Documentaries about manipulating the masses like ""The Social Dilemma"" or ""The Great Hack""","['Brexit starring Benedict Cumberbatch', ""I highly recommend, So what's your price? This goes deep into how US propaganda and consumerism affected the southern neighbor.\n\nHeres a link. Totally worth it.\n\n[https://www.youtube.com/watch?v=1UcqhRodAAo&amp;ab\\_channel=TravisDaniel](https://www.youtube.com/watch?v=1UcqhRodAAo&amp;ab_channel=TravisDaniel)"", 'Inside Job', 'He‚Äôs mentioned the most in these comments. I‚Äôve gotta check his films out.', 'corona would be your holy grail', 'Not a documentary but I found Thank You for Smoking very eye opening and ridiculously funny.', 'There used to be a series named Crowd Control on National Geographic', 'Brexit (The Benedict Cumberbatch movie)', 'Seen every episode its amazing', 'Real life not enough right now? Sorry, poor taste...', 'Eagle Eye?', 'Links for the lazy:\n\n * [Century of the Self](https://youtu.be/eJ3RzGoQC4s)\n\n\n * The Trap [ep 1](https://youtu.be/KCwbXY061mk) [ep 2](https://youtu.be/l1So7lNUD0E) [ep 3](https://youtu.be/UX4AVFymCBg)\n\n\n * [Hypernormalization](https://youtu.be/thLgkQBFTPw)', 'The Act of Killing (2012)', 'Dirty Money series on Netflix', ""I really can't remember anymore..but if you can stomach that kind of stuff ..then it's OK to watch"", 'Zeitgeist', ""It's so funny that i just watched a movie about how recommendation algorithms try to show something that will prolong user's engagement by finding what they may be interested in and this post is the first thing that pops up on my reddit feed."", '&gt; it has videos which are hard to watch\n\nSeen a lady get her head cut off in less than 5 seconds a while ago. harder to watch than that?', 'Love this one', ""It's like conspiracy shit though"", 'YEs, seen this. Any suggestions that talk about manipulation of the masses?', 'Does that mean 2,016 hours? How am I supposed to watch that', 'I don‚Äôt know of any documentaries about him but this dude used social media to rig elections in Latin America.\n\nhttps://www.independent.co.uk/news/world/americas/political-cyberhacker-andres-sepulveda-reveals-how-he-digitally-rigged-elections-across-latin-america-a6965161.html\n\n‚ÄúThe Story of Plastic‚Äù (2019) touches on how mega corps manipulate the narrative of pollution, such as blame shifting to consumers and stuff, could meet some of your criteria.', 'Which one? The Netflix one or the Hulu one?', 'HyperNormalisation (2016h makes the Netflix documentaries look like 60 minutes', 'Please yes watch HyperNormalisation', '[The Social Network](https://www.imdb.com/title/tt1285016/)\n\nDramatization of the creation of facebook by David Fincher', ""[The Edge of Democracy](https://en.m.wikipedia.org/wiki/The_Edge_of_Democracy) might interest you. It's a very biased/partisan narrative, but it discusses how Brazilian society has been manipulated into levels of political polarization  that seem even more extreme than what we see in the US."", 'Waco: The Rules of Engagement\n\nOne of the best (and worst).', 'Century of Self by Adam Curtis... well.. pretty much anything by Adam Curtis. Hypernormilisation, Manufacturing Nightmares... all his docos rock and kinda blow your mind.', ""The older movies have become documentaries - Zelig demonstrates the use of manipulated images to create new realities, Dr Strangelove is the exploration of today's Conservative psyche, and of course, A Face in the Crowd is media celebrity used to enter politics and change culture."", 'Fyre Festival', '[deleted]', 'If you were serious then you have to watch zeitgeist. It will change your life forever', 'You might like the Zeitgeist series.  \nThey are unsettling to say the least.', 'Exactly. You know what‚Äôs weird, even after 4 years or so I still have people‚Äôs birthdays from my Facebook in my calendar it‚Äôs weird. But as cool as it is sometimes to catch up with people and look at pictures, it‚Äôs really unhealthy, I was judging people and comparing myself and it just wasn‚Äôt healthy for me. I agree though after a while it‚Äôs like whatever I don‚Äôt need all that anyways you just find stuff to fill time. Wish more people would give it a chance because it‚Äôs a great decision', ""Yes. Also brilliant. It's a very well made and succinct film, that one. Century of the Self is a lot more rough as far as being a polished doc goes but the content is fascinating."", 'All of the documentaries that I adore have been mentioned already, but there‚Äôs a great docuseries on Netflix called The Family which is about a secret organization of evangelicals who abuse and influence political power.', ""yea, me too. although i always suggest that people take some serious time to record people's email addresses and phone numbers and birthdays. I didnt do that and i regret it.\n\nbut life goes on and im so fucking glad i did. I regret ALL the time i spent on it in the last 5+ years of using it. So much fucking wasted time. Its been two years now and its almost as if it never exsisted."", 'Fully deleted Facebook right after I saw that episode, kept IG until earlier this year and just deleted the app because I wanted to keep any pics I might have lost so I‚Äôm just on Reddit now, gotta say it was a great choice. Little weird at first cause your muscle memory just wants to open and check things but I‚Äôm super glad I did it', 'did you actually fully delete your accounts? or just the apps?\n\ni have a feeling alot of people are just deleting the apps.', '[Spin](https://www.youtube.com/watch?v=nNjcw2dPWSY)\n\n[https://en.wikipedia.org/wiki/Spin\\_(1995\\_film)](https://en.wikipedia.org/wiki/Spin_(1995_film))', 'This is a great one', 'Hypernormalization is the one i recommend to people. I like the history of it, how we ended up here in the age of outrage.', '[HyperNormalisation](https://youtu.be/-fny99f8amM) (2016) by Adam Curtis. The first 10 minutes alone will have you questioning everything.', 'Enron: The Smartest Guys In The Room.', ""'Century of the Self' is a 4 parter by AC and absolutely about manipulation of masses (mainly USA) over the 20th century. Great doc"", ""check  adam curtis's films\n\nalso I don't know if this is what you're looking for..but \n\npropaganda 2014 ((It was released first on yt as it was made by the north korean regime )) anyway it's worth checking out...but beware it has videos which are hard to watch"", 'The documentary film based on Noam Chomsky‚Äôs book ‚ÄòManufacturing Consent‚Äô is about the power that media has to shape our worldview and the problems that come with an increasingly profit driven corporate media. It really makes you question a lot of what we (especially those of us in the U.S.) tend to trust. It‚Äôs from 1992, so the information is older but it shows how the processes that got us into the age of misinformation have been in motion for decades, and how many of the same things are still at work. \n\nIt‚Äôs available for free on youtube: https://m.youtube.com/watch?v=EuwmWnphqII', 'Zeitgeist: The Movie', '**Merchants of Doubt** (2014) -  Spin doctors spread misinformation and confusion among American  citizens to delay progress on such important issues as global climate  change.', 'Isn‚Äôt a Doc but the Black Mirror episode called Nosedive made me delete my social media right after. Just the way I saw it perceived in that episode it‚Äôs wild to me, let me know what you think of you watch it']",52
12,2020-09-19 12:59:33,ivxf4o,request,8,"Hi, 
I am looking for good whodunit movies, a good murder mystery. Thanks for your help!",Movies which are similar to Knives out?,"['Seconding Clue! I also recommend The Sting (1973), which is a great caper (albeit not a murder) and if youre in the mood for something action-y, Hot Fuzz (2007).', ""I have a lot of time on my hands, so I watch a lot of movies.  If you're ever looking for something new/interesting to watch, feel free to DM me.  I got a ton of suggestions lol"", 'Thank you this seems interesting !', 'Thank you so much! I loved murder on the orient express. \n\nI really want to watch kiss kiss bang bang, but it‚Äôs not there on any streaming service so will have to hunt.', ""There are the films that inspired Knives Out, all of which are good:\n\nMurder on the Orient Express (1974, which is miles better than the 2017 remake), Death on the Nile (1978), Death Trap (1984), The Last of Sheila (1973).\n\nOther good whodunits with some (or a lot of) comedic elements:\n\nEvil Under the Sun (1982), Murder By Death (1976), Kiss Kiss Bang Bang (2005), The Mirror Crack'd (1980), Who Framed Roger Rabbit (1988), Sleuth (1972), and the first two of the Pink Panther films."", '[https://www.youtube.com/watch?v=y7wzBVARwaU](https://www.youtube.com/watch?v=y7wzBVARwaU)', 'Thanks!', 'Clue (1985), Murder on the Orient Express (2017), Gosford Park (2001).']",8
13,2020-09-19 12:44:54,ivx5cb,request,7,"Since our anniversary plans were cancelled due to COVID, I had to get a bit creative and one of the things is turning our living room into a movie theater. My wife loves rom-coms and easy to watch movies‚ÄîI‚Äôm a bit more of a film buff. So I‚Äôm looking for a few suggestions for movies that are genuinely good romantic/rom-com films (obvious answers like When Harry Met Sally are good too) and not depressing. 

Thanks in advance!",Looking for suggestions for movies to watch on our first wedding anniversary,"['Holiday (1938)\n\nSabrina (1954 and 1995)\n\nHeaven Can Wait (1978)', 'Dan in Real Life', 'Pretty woman.\n\n*duck*', 'Annie Hall\n\nAmelie', ""Jerry Mguire. Netflix's Always be my Maybe."", 'The FAQ list is great, thanks! \n\nAlso, I‚Äôve heard good things about About Time so I‚Äôll check it out!', 'About Time is the first movie that came to mind.\n\n[Romcom](https://www.reddit.com/r/MovieSuggestions/wiki/faq#wiki_romcom) and [Paranormal Romance](https://www.reddit.com/r/MovieSuggestions/wiki/faq#wiki_paranormal_romance) are FAQs.']",7
14,2020-09-19 12:38:15,ivx0px,request,13,"I've been watching a whole bunch of lesser know movies recently, does anybody know any hidden gem films, lesser known movies that are amazing but never got all that much recognition?",Any hidden gem movies?,"['Super Deluxe (Indian hyperlink thriller).\n\nAaranya kaandam (Indian Neonoir).\n\nForgotten (Korean psychological thriller).', 'Angel‚Äôs Egg', 'Once\n\nSing Street (maybe not ‚Äùhidden gem‚Äù but should be more appreciated)\n\nOnly Yesterday \n\nL√•t den r√§tte komma in \n\nMoon \n\nStuart: A life Backwards', 'The Love Witch', 'Killing ground\n\nThe Favor \n\nI See You', 'Night Moves\n\nThe Clovehitch Killer\n\nByzantium\n\nVolition \n\nWalking Out\n\nArctic', 'Youth and Revolt \nGarden State \nRole Models', '[An Elephant Sitting Still](https://letterboxd.com/film/an-elephant-sitting-still/)\n\n[Twenty-Four Eyes](https://letterboxd.com/film/twenty-four-eyes/)\n\n[Bait](https://letterboxd.com/film/bait-2019/)\n\n\n[Manuel on the Island of Wonders ](https://letterboxd.com/film/manuel-on-the-island-of-wonders/)\n\n[La Casa Lobo](https://letterboxd.com/film/the-wolf-house/)\n\n[Microhabitat](https://letterboxd.com/film/microhabitat/)\n\n[Vive L‚ÄôAmour](https://letterboxd.com/film/vive-lamour/)\n\n[A Bride for Rip Van Winkle](https://letterboxd.com/film/a-bride-for-rip-van-winkle/)', 'Tampopo\n\nSoviet Hamlet &amp; King Lear', 'Waitress\n\nJunebug\n\nSafety Not Guaranteed', 'Velvet Goldmine\n\nThe Death of Stalin\n\nMikey and Nicky\n\nBrick\n\nEl Infierno', 'Computer Chess\n\nLinda Linda Linda\n\nThe Chambermaid (2018)\n\nHouse of Hummingbird\n\nDear Ex\n\nThe Wild Goose Lake\n\nDiamantino\n\nVitalina Varela\n\nNocturama \n\nThe Souvenir (2019)', 'The Man from Earth\n\n\nThe Red Turtle']",13
18,2020-09-19 11:56:26,ivw84x,request,62,"Looking for movies with either a great original score (like Interstellar, The Godfather or The Dark Knight) or collection of songs (Life Aquatic, Forrest Gump, O Brother Where Art thou? Or Dazed &amp; Confused).
Thanks :)","Movies after watching, you listen to the soundtrack on repeat","['Unbroken(2014),\nThe last scene soundtrack..\n""From up above I heard,angel sing to me these words""', 'Ravenous', 'Game Night', 'The Plan by Travis Scott from Tenet', 'Raw and The Hateful Eight', 'Sucker Punch', 'And a real hero.', 'Real human being .', '&gt; Secret Life of Walter Mitty\n&gt; \n&gt; \n\nic', '[Blue is the Warmest Color](https://letterboxd.com/film/blue-is-the-warmest-color/)\n\n[Our Little Sister](https://letterboxd.com/film/our-little-sister/)\n\n[Blindspotting](https://letterboxd.com/film/blindspotting/)\n\n[Lord of the Rings](https://letterboxd.com/film/the-lord-of-the-rings-the-fellowship-of-the-ring/)\n\n[Whiplash](https://letterboxd.com/film/whiplash-2014/)\n\n[Burning](https://letterboxd.com/film/burning-2018/)\n\n[Oldboy](https://letterboxd.com/film/oldboy/)\n\n[Perfect Blue](https://letterboxd.com/film/perfect-blue/)\n\n[Your Name](https://letterboxd.com/film/your-name/)\n\n[My Neighbor Totoro](https://letterboxd.com/film/my-neighbor-totoro/)\n\n[The Lure](https://letterboxd.com/film/the-lure/)\n\n[Spider-Man: Into the Spider-Verse](https://letterboxd.com/film/spider-man-into-the-spider-verse/)', 'Can‚Äôt believe nobodies suggested Her yet!', 'Not a movie but check out Watchmen hbo and literally anything Atticus Finch / Trent Reznor', 'Kung Paano Sya Nawala', 'Shrek 2', 'DUNKIRK', 'Dirty Dancing', 'Juno', 'Mr. nobody\nOnly lovers left alive', ""I've been listening to the Hamilton soundtrack for months."", ""For a super recent suggestion, The Babysitter: Killer Queen has a bangin' soundtrack, and it uses it really effectively. The first movie had a pretty normal/fun-but-not-noteworthy soundtrack, so I was pleasantly surprised to see such a great soundtrack in the sequel. It overall has this hyped-up energy that's just a blast."", ""Some kind of wonderful, Lost boys, Highlander, Flash gordon, 5th element, Moulin rouge, Baz luhemann's version of Romeo and Juliet- the 2nd orchestral CD side in particular, LOTR"", 'A Mighty Wind\n\nVelvet Goldmine\n\nMoana\n\nStar Wars/Trek\n\nGuardians 1 and 2 (Awesome mix)\n\nGlee\n\nBlack Mirror\n\nXanadu\n\nJuno\n\nScream\n\nThe Craft\n\nWelcome to Nightvale\n\nGilmore girls\n\nBuffy', 'Call me by your name, \nDirty dancing', ""Drive is the first movie I thought of. \n\nIf you're also interested in TV shows, I would suggest La Casa de Papel (Money Heist) and Umbrella Academy."", 'Magnolia', 'I love the the soundtracks to all of the Pirates of the Caribbean movies', 'La La Land and First Man. I wish he would redo Whiplash soundtracks.', 'Anything by Max Richter or Johan Johansson', 'Swiss Army Man(2016) has a completely strange and wonderful soundtrack', 'Interstellar by a mile. Or any Hans Zimmer soundtrack to he honest.', 'Judgment Night \n\nSingles\n\nThe Crow', 'Death Proof, Guardians of the Galaxy, Once Upon A Time in America, High Fidelity, Boyz N The Hood', 'Umbrella Academy', 'Basically any Tarantino soundtrack and OldBoy', 'Team America world police.', 'WHIPLASH', 'Beasts of a southern wild', 'Social network', 'How has nobody mentioned Pulp Fiction or really any Tarantino movie? They have really good soundtracks.\n\nAlso I feel like any musical or music movie that I really like, I tend to listen to the soundtrack over and over again after I watch it. Most recently I showed some friend Walk Hard, and the next day I had to listen to the soundtrack on Spotify', 'I‚Äôm going with two that most people probably wouldn‚Äôt think of: Dead Man, directed by Jim Jarmusch, and Slingblade, directed by Billy Bob Thornton. I find the music really puts you in a distinct place', 'Yeah yeah, the one with Daft Punk lol. Totally underrated movie as well, imo.', 'Came here just to look if somebody already commented it (but I guess you meant the sequel Tron Legacy? Just to clear things up...)', 'Walter Mitty made me fall in love with space oddity and David Bowie in general', 'Tron', 'The OG Bladerunner and CMBYN. Not remotely similar, but I definitely had those going non stop after watching the movies.', 'Across the universe', 'No problem!  That‚Äôs awesome you‚Äôll be watching it for the first time.  I hope you enjoy it.', 'Drive', 'The soundtrack is always perfect in Wes Anderson movies', 'How have I never heard of That Thing You Do?? Thanks üëç', 'Loved hearing Ramble On in that movie', 'Once, Whiplash', 'Haven‚Äôt seen Blaze yet, might give it a go. Thanks!', 'High Fidelity\nThe Royal Tenenbaums\nRushmore\nTarantino\nMistress America\n8 1/2\nLa Dolce Vita\nTrainspotting\nYoung Frankenstein', 'Secret Life of Walter Mitty\n\nOnce Upon a Time in Hollywood', 'And Rent and the Blues Brothers', 'Grease, Chicago, Dirty Dancing, Stand By Me, Almost Famous, Moulin Rouge, Empire Records, High Fidelity, Charlie‚Äôs Angels, Clueless, Rocky Horror Picture Show', 'Baby Driver\n\nThat Thing You Do\n\nHarry Potter scores done by John Williams\n\nSpeed Racer\n\nMost scores done by Alan Silvestri', 'Oblivion. Epic stuff', ""Peter Gabriel's Passion (Last Temptation of Christ)"", 'Blaze, Walk the Line, Once, La La Land.', 'Not a movie but plenty of TV shows- Bojack, Please Like Me.']",62
20,2020-09-19 11:34:36,ivvtft,request,5,"Something about a father &amp; son or father &amp; son type bond. Ideally on some sort of road trip or ""adventure"" 

Genre doesn't matter. 

For example;

- [The Confirmation ](https://m.imdb.com/title/tt4210080/)

- [Road to Perdition](https://m.imdb.com/title/tt0257044/)

- [Real Steel ](https://m.imdb.com/title/tt0433035/)

- [The Road](https://m.imdb.com/title/tt0898367/)

-",Adventure of Father n Son or similar bond.,"['Life is beautiful (Italian comedy drama).', ""not a roaddtip, but **Nobody's Fool**."", '3:10 to Yuma', ""**Big Fish**. It's not an adventure but it's very much father and son bonding. It's about the fantastical stories the father told about his life.\n\nIt's one of my favorite movies."", '- Tron Legacy\n- Coco\n- boyhood \n- Indiana Jones and the last crusade \n\nNot quite fitting but close:\n- Logan (no son but kind of a daughter)\n- the Mule (no son, a father/grandfather trying to reconnect to his family)\n- Finding Neverland (not the real father but takes up the father role)']",5
21,2020-09-19 11:34:28,ivvtd9,suggest,0,"A tender biopic of an obscure singer-songwriter and the woman he loved. Ethan Hawke dawns the directors cap and deftly mixes music and multiple timelines into a sweet, arthouse flick. Ben Dickey is the lead actor and captivates from the first scene, and America‚Äôs favorite sexy cousin Alia Shawkat equally delivers beautiful performance. Let me know what you guys think, I‚Äôve been listening to Blaze Foleys albums on Spotify for a week since watching this gem.",Blaze (2018) currently available on Netflix,[],0
23,2020-09-19 11:24:47,ivvmwy,,1,The must-watch movies in these languages.,What are some good European movies (French / Spanish / German etc..),['Danish: Nattevagten'],1
24,2020-09-19 11:10:18,ivvdcl,request,24,"Hello good people,

Can someone recommend me good non animated movies to watch with younger kids which even adults would enjoy?

I have a 3yo and 5yo and weekends are no fun for me since I  forced to watch paw patrol or peppa pig. I would like to make my kids watch good fun movies without the cartoon. Please recommend some.

Thanks.",Non animated movies for younger kids &lt;5yo,"['Whatever you say doc!', 'You do realize every kid is different, right?', 'Sure thing Billy.', 'Yes. It does. My brother was perfectly fine with that scene at 4, and I was too. So YES. It depends on the kid.', ""No it doesn't."", 'Depends on the kid.', 'School of rock', 'Homeward Bound\n\nPaddington 1 &amp; 2', ""Peewee's Big Adventure? Are you insane? Large Marge will give them nightmares for sure."", 'It‚Äôs a bit late now, my kids are all adults üòÇ No-one missed out on any great films, they just waited a couple of years until they were old enough. I‚Äôd rather put a few dvds aside for a while than deal with my sensitive youngest kid having nightmares. Not all rules suit all kids or all families, but like I said - whatever works for you.', 'Having a rating rule like that is NOT a good thing. It should never depend on the rating, but what the film is, and how mature the children are. Some movies are Rated R, when they should be PG (Stand by Me), and kids miss out on great films, because of their parents.', 'Mary Poppins\n\nSound of Music (there are darker themes, but it‚Äôs fine for kids)\n\nThe Incredible Journey (both the original and both remake sequels)\n\nOld Yeller\n\nPee Wee‚Äôs Big Adventure\n\nHoney, I Shrunk the Kids\n\nET\n\nFree Willy\n\nThe Parent Trap\n\nAnnie (1982)\n\nBabe\n\nField of Dreams (a bit of language, that would go over kids heads)\n\nMatilda\n\nWilly Wonka and the Chocolate Factory (and the remake)\n\nHook\n\nHome Alone\n\nJumanji\n\nThe Wizard of Oz\n\nThe Sandlot\n\nThe Muppet Movie\n\nFollow That Bird\n\nElf\n\nHow The Grinch Stole Christmas\n\nHugo\n\nIt‚Äôs a Wonderful Life (it‚Äôs slow, but kids need to be taught that not all movies need to be colourful and fast paced, at a young age)\n\nSpy Kids\n\nNight at the Museum', 'In our family it‚Äôs G until 5yrs, then PG, but whatever works for you.', 'PG is fine for any child.', 'Live-action Aladdin, The Lion King', 'From recent movies, maybe the Sonic film?', 'That can be scary. Depending.', 'George of the Jungle is live action with fun cartoonish action\n\nMighty Morphin Power Rangers Movie\n\nOne of my favorites at that age was The Pagemaster, a third of it is live action with the rest being animation but still cool', 'When my kids were that age I found some classics they liked:\nRobin Hood (w Errol Flynn)\nSwiss Family Robinson\nThe original Cheaper by the Dozen (w Lucille Ball)\nYou could also try Milo &amp; Otis, The Parent Trap, Pippi Longstocking, and Beethoven - as long as it‚Äôs rated G and isn‚Äôt scary it‚Äôs worth a go. My kids wouldn‚Äôt sit through the whole film in one go, but they were happy to have them on while they amused themselves and at least I wasn‚Äôt driven crazy with repetition.', 'Parent trap,\nSound of music,\nEnchanted', 'ET maybe?', ""As a kid I loved the classic musicals like Singin' in the Rain and others of that era."", 'Hook \n\nThe Muppet Movie', 'Mary Poppins (has some mixed animation).']",24
25,2020-09-19 11:01:01,ivv7ap,request,29,"Let‚Äôs start with the bad: DID NOT LIKE

-	What we do in the shadows [2014] 
It‚Äôs possible I was just too tired when I watched this and not in the mood as this film was in my watch list a long time and recommended all over this sub, maybe I need to retry it.

-	Popstar: Never stop never stopping [2016]
Hot Rod was infinitely better

-	Swiss Army Man [2016]

Movies I DID LIKE:
-	Extract [2009] 
Jason Bateman is an all time favorite 

-	Game Night [2018]
-	The Big Lebowski [1998]",Help me with a must-see comedy. I‚Äôll list my last 3 I liked and 3 I did not like.,"[""It's on Netflix US\n\nedit: my reading comprehension sucks, I thought you were asking about Safety Not Guaranteed"", 'The Florida Project', 'In Bruges \nOffice Space\nMy Cousin Vinny', 'Game Night!', ""Pineapple Express 2008\n\nRole Models 2008\n\nThe Heat 2013\n\nThe Kings of Summer 2013\n\nSisters 2015\n\nRock'n'Rolla 2008"", 'Haha thanks! Arrested development is one of the best comedies ever imo, second to last season not included. Running jokes through seasons that will have you crying. ALWAYS watch the after the episode clip.', 'The death of dick long....a hidden gem', 'I rented it on Amazon I think or when I had my HBO sub, you can always just create a 7-Day free trial and cancel it for Cinemax.', ' Butter (2011)', 'McGruber\nObserve and Report\nTeam America', 'Any idea where to watch or rent long shot without buying the full movie? Tried to rent on Amazon prime and only option is to buy it', 'Long Shot.\n\nSafety Not Guaranteed.', '[deleted]', 'Bean (1997)', ""The other movies you liked are also great, but no haven't found many folks that didn't like What We Do in the Shadows. \n\nHorrible Bosses, and the sequel, is an obvious must for you if you somehow haven't seen it. Bad Words is another fine enough Bateman flick."", 'Seen both. Absolutely love both', 'Computer Chess\n\nThe Foot Fist Way\n\nFour Lions', 'Hot fuzzzzzz', 'Horrible bosses is my favorite comedy and it has Jason Bateman so I‚Äôd go with that. 2nd one is great as well', 'Your a legend I‚Äôve never seen that show AND you listed another of my top actors ever in Will Ferrell, thank you!', 'Arrested development (show) for your Bateman fix. \n\nOld School is will ferrell at the top of his game and a classic.', 'Maybe try...\n\nHunt for the Wilderpeople 2016 film\n\nI think ""What We Do in the Shadows"" is more of a group viewing film.', 'Hell yes nice rec!', 'Sweet thanks', 'Thanks for the comment', 'I loved all the movies you listed', ""Two of the movies you listed that you didn't like are two of my favorite comedies of the last decade. So I can't help you."", 'Le Diner de Cons', '[The Change-Up (2011)](https://www.imdb.com/title/tt1488555/) with Jason Bateman']",29
26,2020-09-19 10:51:29,ivv0zw,request,1,"I recently watched a movie called ""My tomorrow, your yesterday"" and I LOVEDD it sooo much! It was very heartwarming, hearttouching, emotional and really good. So I would like recommendations on movies like that. 
P. S. I don't care about the language.","Movies like ""My tomorrow, your yesterday """,['https://letterboxd.com/film/love-letter/\n\nhttps://letterboxd.com/film/be-with-you/\n\nhttps://letterboxd.com/film/forget-me-not-2015/\n\nhttps://letterboxd.com/film/il-mare/'],1
27,2020-09-19 10:40:15,ivutdc,request,9,"A few characters travel the world with some (maybe abstract) goal. The point of the movie is mostly the journey, not the destination. It can have action, but just a little bit. For example, Skyfall fills the travel bill but has too much action, Indiana Jones is borderline and Lawrence of Arabia is just right. Would be great if it also had a sweet romance, but am not too picky.",Non-action travelling movies?,"[""Zindagi na milegi dobara (Indian drama/comedy about 3 friends going on a Bachelor's trip across Europe)."", 'The Way Back', 'Eat Pray Love', 'The Lost city of Z', 'Sounds like you might like *Until the End of the World*', 'The Trip\n\nSideways', 'Vacation (old and new) and Planes, Trains and Automobiles are great travel movies, but not so much international travel. Mamma Mia 2 might be you speed, too. It has an atmosphere of travel without actually that much (if that makes sense)._', 'Vicky Cristina Barcelona', 'Sisterhood of travelling pants']",9
28,2020-09-19 10:21:14,ivugje,request,4,"Take this basic idea any context you like, and I'm interested. Something horrible happens to someone, perhaps the story begins with the understanding of such (a city raid, a building caught on fire, a psychological breakdown, a robbery, whatever) and then we follow the main character through a new and unexpectedly inspired search for beauty, love, creativity, a broader perspective or world...  
Thank you!",New hope found after destruction or dissolution,"['The hundred foot journey.', 'Ikiru definitely fits the description', 'Children of Men\n\nJoe vs the Volcano \n\nShawn of the Dead', 'Not sure if it fits the latter part but, Manchester by the sea']",4
29,2020-09-19 09:36:17,ivtnao,request,9,"I am in the mood for something exciting. What would you suggest? Preferably new movies, but 2019 films are also ok.

Thank you!","Good new action/thrillers, - suggestions please","['I loved The Gentlemen. Brilliant! Will check the others out. Thank you!', 'The King\n\nThe Old Guard\n\nThe Gentleman\n\n6 Underground', 'Thank you! I will check them out now!', 'Bad boys for life.', 'Extraction\n\nThe Night Comes for Us\n\nUpgrade\n\nDeliver Us From Evil', 'Well, sorry for that. I just wanted recommendations.', 'Years? It was just literally last year.', 'Of course it is, but I prefer something from the recent years.', ""2019 isn't new?""]",9
30,2020-09-19 09:00:17,ivt18o,request,19,"Recently, I've watched Secrets of Analog and Digital Synthesis and Aaron Copland being interviewed by John Callaway and Show By Rock. I like all kinds of music but especially electronic, hip hop, punk, orchestral, jazz and anything very new or really anything at all as long as it's about music. I also love powerful, emotive singers so Amy (2015) is on my list. I thought Whiplash was a lovely movie but I think that it could've stood to focus a bit more on the music.",Movies about musicians or creating music with lots of music in them,"['Frank', 'Music and lyircs (i think)', 'I LOVE HEDWIG AND THE ANGRY INCH!! Incredible incredible film and incredibly overlooked, especially compared to Rocky Horror which is a much worse movie, to me at least.', 'That Thing You Do.', 'Sing Street, Once and Begin Again are all fantastic music films by John Carney and Falling Slowly is such a banging song', ""most of the recommendations here are not really what you're asking for. They don't have LOTS of music in them or aren't specifically focused on the music. You'll mostly find that in documentaries, but there's a few films too. \n\n* [The Wrecking Crew](https://www.youtube.com/watch?v=SX5BCgmr7tg)\n* Woodstock\n* The Decline of Western Civilization - punk (Pt 1) and metal (Pt 2)\n* 20 Feet from Stardom\n* Eight Days a Week - focuses on the Beatles' touring life\n* That's Entertainment I &amp; II - for classic Hollywood musicals\n* Till the Clouds Roll By - if you want more of that\n* [Umbrellas of Cherbourgh](https://www.youtube.com/watch?v=imCOi7pqKh0)\\- inspired by classic musicals (and inspired La La Land), with all sung dialogue. \n* Tous les Matins du Monde - for classical music\n\nand since nobody's mentioned it, I'll throw out one my favorite 21st century musicals: Hedwig and the Angry Inch."", 'Documentary It Might Get Loud. Jimmy Page, the Edge, Jack White.', ""For jazz music, there's 'Round Midnight directed by Bertrand Tavernier and featuring Dexter Gordon.\n\nAnd maybe Mo' Better Blues by Spike Lee.\n\nFor soul music: The Commitments by Alan Parker."", '[deleted]', 'Sing Street deserves more love. Irish film in general deserves more love.', 'Please watch Once!! Its so underrated, its my favorite movie. I hope you like it!', 'Crazy Heart (2009)\nInside Llewyn Davis (2013)\nSing Street (2016)\nBegin Again (2013)\nThe Doors (1991)\nThe Rocker (2008)', '- Rocketman\n- a Star is Born', 'Bohemian Rhapsody', 'Incredible jazz film from 1958: St. Louis Blues. Stars Nat King Cole and Eartha Kitt, also features Cab Calloway, Ella Fitzgerald, and Mahalia Jackson.\n\nTrailer: https://www.youtube.com/watch?v=vSeakae82rg', ""I'm not sure if it's *quite* what you're going for, but I can't recommend Sing Street enough."", 'Eden (Mia Hansen Love)\n\nControl (Anton Corbijn)\n\nThis is Spinal Tap\n\nDave Chappelle‚Äôs Block Party\n\nRolling Thunder Revue: A Bob Dylan Story', 'Amadeus', ""*Almost Famous* (fiction from Cameron Crowe) has a extended version cut with a lot of concerts in it. The film is awesome, but i don't remember if we see a lot of composition (i don't think so).\n\nThere is also the Godard's documentary about the Rolling Stones (*Sympathy for the devil*), but i don't know if it's easy to watch.""]",19
31,2020-09-19 08:34:07,ivsmnv,request,2,"By now I've watched greyhound, alita, avatar, all marvel, 1917, John Wick, f&amp;f series, Jurassic and few more popular one's I can't recall.",What are some really good hdr 4k movies shot after 2010?,"['Ah thnx i absolutely forgot about that one... The trailer was tight', 'I thought Polar was great imagery.']",2
32,2020-09-19 08:20:34,ivsf8z,request,79,"Any type of movie that you feel everyone should see at least once. Can be any genre or for any reason. I'm just looking for some great movies.

If I could suggest a few of my own I would say The Godfather, Deer hunter, There will be blood, Whiplash and probably hundreds of others I can't think of right now.

Anyway, hit me with 'em",Any movie recommendations that you feel everyone should see at some point in their life?,"['Assassination was a snooze fest.', 'If you are a movie lover watch - Cinema Paradiso (1988)', ""Try these \n\nMidsommar, Vivarium, Apostle, Gerald's Game, Us, Ma, Get Out, Greta, The Platform, Hereditary, Suspiria, The Ritual, Mother!"", 'To kill a mocking bird', 'Two words, Forrest Gump', 'Some that came to mind\n\n\nEternal Sunshine of the Spotless Mind\n\nSynecdoche, New York \n\nSing Street\n\nThe Wind Rises\n\nWall-E\n\nCity of God\n\nParasite\n\nLa la land\n\nForrest Gump\n\nMemento (and the rest from Nolan)\n\nPulp Fiction (and the rest from Tarantino)\n\nLost in Translation \n\nPrisoners \n\nWarrior\n\nMoon\n\nTitanic \n\nBirdman\n\nMoonlight \n\nPortrait of a Lady on Fire\n\nCall Me by Your Name\n\nL√•t den r√§tte komma in', 'Frankly any film from BFI‚Äôs 50 films to see before you‚Äôre 14 \n\n[the full list is here](https://boxd.it/4912)', ""Surprised I haven't seen Jurassic Park mentioned yet."", 'Or Rocky Balboa from 2006. I actually really enjoy that one.', 'I‚Äôve tried to find As I Was Moving Ahead Occasionally I Saw Brief Glimpses of Beauty for a few years but have never found where to watch it. Any suggestions?', 'Eternal Sunshine of The Spotless Mind. Harold and Maude. 8 1/2. I Heart Huckabees. Bullitt', 'Just rewatched Assassination after like 12 years. Definitely didn‚Äôt appreciate it nearly enough, nor knew like 3 key actors at that time.', 'The Russian Ark, this entire movie has zero cuts, no edits. One take continuous shot start to finish. Brief time lapse of world/Russian history', 'Mishima: A Life in Four Chapters', 'Interstellar', 'RBG documentary!!!', '12 Angry Men is amazing.  And Grave of the Fireflies is beautiful', ""P R E D A T O R\n\nOh and Animal Kingdom.\n\nActually Une Prophete too.\n\nPlus Hana-Bi\n\nGoddamit forgot Miller's Crossing"", 'Tommy Wiseau‚Äôs The Room', 'Sounds to me like you‚Äôre the expert, Mark', 'Requiem for a dream.\n\nNever do heroin, kids.', 'I concur.', ""The Majestic. It's not one of those change your life movies, but it stars Jim Carrey in a serious dramatic role and he kills it. It's an interesting experience watching an actor known for being goofy make you tear up during the sad parts of that movie."", 'My small children watched it recently and were mesmerized. There is something so enchanting about it. Even with all the amazing modern movies there seen, Oz captured them immediately.', 'The Blues Brothers', ""I wouldn't have that opinion if I hadn't watched it."", 'Bone Tomahawk\nThe House That Jack Built\n\nA little brutal but good stories!', 'The Seventh Seal - Ingmar Bergman \n\nYou almost can‚Äôt watch any other films the same way again, it was such a trendsetter', 'Both Kurasawa and Ghibli movies are hard to limit to just a few.', 'Good Will Hunting, Rounders, American History X, The Place Beyond the Pines', 'For me its Good Will Hunting. It just gives me hope', 'If we‚Äôre going *slightly* off the beaten path, Sansho the Bailiff. Somehow has slipped past a lot of serious younger viewers. Incredible, powerful and epic  melodrama. It‚Äôs old and Japanese but don‚Äôt let that hold you back. It Holds up incredibly well. Currently on Criterion and I believe free on YouTube.', 'Have you seen it?', 'Con Air', 'Gattaca', ""If you're going down the path of Kurosawa, you can't exclude Ran. Really, at least half of his films are downright incredible.\n\nI'd also add Princess Mononoke to those two Ghibli films."", 'I thought that movie sucked', 'Barry Lyndon', '[Synecdoche, New York (2008)](https://www.imdb.com/title/tt0383028/)', 'Room \n\nThe help', 'Parasite', 'Seven Samurai\n\nRashamon\n\nCitizen Kane\n\nEtre et Avoir\n\nPaths of Glory\n\n2001 A Space Odyssey\n\nGodfather\n\nChinatown\n\nSpirited Away\n\nThe Tale of Princess Kaguya', 'Lawrence of Arabia and the rest of David Lean‚Äôs work', 'The Goonies', 'Ikiru', 'The assassination of Jesse James, \nZodiac 2007,\nLawless', '[deleted]', 'A Woman Under the Influence (1974), Taste of Cherry (1997), Ratatouille (2007) and South Park: Bigger, Longer and Uncut (1999)', 'Good will hunting (1997)', 'Casablanca, Citizen Kane, Network.', '- Children of men \n- Silence of the lambs', 'manchester by the sea', 'Toni Erdmann', 'Boyhood\n\nAmerican history X', 'Brawl in Cell Block 99', 'Never Let Me Go', 'Back to the Future üëçüèªüëçüèª', 'Whiplash (2014)', 'Yi yi', 'The Cranes Are Flying', 'A very rare example of a good remake.', 'The green mile', 'The Tree of Life \n\nIt‚Äôs Such a Beautiful Day\n\nSilent Light (2007) \n\nChungking Express \n\nCity of God\n\nThe Act of Killing\n\nSon of Saul  \n\nMysterious Skin\n\nLilya 4-Ever\n\nTokyo Story\n\n2001: A Space Odyssey \n\nOasis (Lee Chang-dong)\n\nGummo \n\nCome and See \n\nSpring Breakers \n\nCitizen Kane\n\nAu Hasard Balthazar\n\nThe Seventh Seal\n\nBicycle Thieves \n\nLove Exposure \n\nBreathless \n\nThe Death of Mr Lazarescu\n\nI, Daniel Blake\n\nThe Intouchables \n\nAli: Fear Eats the Soul\n\nMelancholia \n\nAmerican Honey\n\nDo the Right Thing \n\nAs I Was Moving Ahead Occasionally I Saw Brief Glimpses of Beauty', ""Hey now. Let's not forget about part five."", 'Dead Poets Society', '- American Psycho\n- Trainspotting\n- Natural Born Killers\n- The Godfather II\n- Donnie Brasko\n- Memento\n- Pulp Fiction', 'The Devil‚Äôs Advocate', 'Rocky 1-4', 'The Man from Earth', 'my sister my daughter \n\nmy sister my daughter \n\nmy sister my daughter', 'Goodfellas (1990)\n\nDead Poets Society (1989)\n\nDog Day Afternoon (1975)\n\n12 Angry Men (1957)\n\nIt‚Äôs a Wonderful Life (1946)', 'The Shawshank redemption. \n\nThe good,the bad and the ugly.\n\n12 angry men. \n\nCity lights. \n\nGrave of the fireflies- Japanese Anime.', 'Soodhu Kavvum and 96 are excellent.', 'The Wizard of Oz', 'My Name Is Khan (2010)\n\nProject A (1983)\n\nMiracles (1988)\n\nOdd Thomas (2013)\n\nDreadnaught (1981)\n\nMr.Vampire (1985)\n\nSoodhu Kavvum (2013)\n\n96 (2018)\n\nThese are mixed genres from action comedies to great dramas', ""I just watched Chinatown. What a gut punch ending, goddamn. It was my first noir :')"", 'Man from Earth', 'La Haine, A brighter summer day, Irreversible, Chinatown, Persona, The seventh seal, Oldboy, Punch Drunk Love,  The Handmaiden', ""Schindler's List"", 'Assassination was a snooze fest.', 'If you are a movie lover watch - Cinema Paradiso (1988)', ""Try these \n\nMidsommar, Vivarium, Apostle, Gerald's Game, Us, Ma, Get Out, Greta, The Platform, Hereditary, Suspiria, The Ritual, Mother!"", 'To kill a mocking bird', 'Two words, Forrest Gump', 'Some that came to mind\n\n\nEternal Sunshine of the Spotless Mind\n\nSynecdoche, New York \n\nSing Street\n\nThe Wind Rises\n\nWall-E\n\nCity of God\n\nParasite\n\nLa la land\n\nForrest Gump\n\nMemento (and the rest from Nolan)\n\nPulp Fiction (and the rest from Tarantino)\n\nLost in Translation \n\nPrisoners \n\nWarrior\n\nMoon\n\nTitanic \n\nBirdman\n\nMoonlight \n\nPortrait of a Lady on Fire\n\nCall Me by Your Name\n\nL√•t den r√§tte komma in', 'Frankly any film from BFI‚Äôs 50 films to see before you‚Äôre 14 \n\n[the full list is here](https://boxd.it/4912)', ""Surprised I haven't seen Jurassic Park mentioned yet."", 'Or Rocky Balboa from 2006. I actually really enjoy that one.', 'I‚Äôve tried to find As I Was Moving Ahead Occasionally I Saw Brief Glimpses of Beauty for a few years but have never found where to watch it. Any suggestions?', 'Eternal Sunshine of The Spotless Mind. Harold and Maude. 8 1/2. I Heart Huckabees. Bullitt', 'Just rewatched Assassination after like 12 years. Definitely didn‚Äôt appreciate it nearly enough, nor knew like 3 key actors at that time.', 'The Russian Ark, this entire movie has zero cuts, no edits. One take continuous shot start to finish. Brief time lapse of world/Russian history', 'Mishima: A Life in Four Chapters', 'Interstellar', 'RBG documentary!!!', '12 Angry Men is amazing.  And Grave of the Fireflies is beautiful', ""P R E D A T O R\n\nOh and Animal Kingdom.\n\nActually Une Prophete too.\n\nPlus Hana-Bi\n\nGoddamit forgot Miller's Crossing"", 'Tommy Wiseau‚Äôs The Room', 'Sounds to me like you‚Äôre the expert, Mark', 'Requiem for a dream.\n\nNever do heroin, kids.', 'I concur.', ""The Majestic. It's not one of those change your life movies, but it stars Jim Carrey in a serious dramatic role and he kills it. It's an interesting experience watching an actor known for being goofy make you tear up during the sad parts of that movie."", 'My small children watched it recently and were mesmerized. There is something so enchanting about it. Even with all the amazing modern movies there seen, Oz captured them immediately.', 'The Blues Brothers', ""I wouldn't have that opinion if I hadn't watched it."", 'Bone Tomahawk\nThe House That Jack Built\n\nA little brutal but good stories!', 'The Seventh Seal - Ingmar Bergman \n\nYou almost can‚Äôt watch any other films the same way again, it was such a trendsetter', 'Both Kurasawa and Ghibli movies are hard to limit to just a few.', 'Good Will Hunting, Rounders, American History X, The Place Beyond the Pines', 'For me its Good Will Hunting. It just gives me hope', 'If we‚Äôre going *slightly* off the beaten path, Sansho the Bailiff. Somehow has slipped past a lot of serious younger viewers. Incredible, powerful and epic  melodrama. It‚Äôs old and Japanese but don‚Äôt let that hold you back. It Holds up incredibly well. Currently on Criterion and I believe free on YouTube.', 'Have you seen it?', 'Con Air', 'Gattaca', ""If you're going down the path of Kurosawa, you can't exclude Ran. Really, at least half of his films are downright incredible.\n\nI'd also add Princess Mononoke to those two Ghibli films."", 'I thought that movie sucked', 'Barry Lyndon', '[Synecdoche, New York (2008)](https://www.imdb.com/title/tt0383028/)', 'Room \n\nThe help', 'Parasite', 'Seven Samurai\n\nRashamon\n\nCitizen Kane\n\nEtre et Avoir\n\nPaths of Glory\n\n2001 A Space Odyssey\n\nGodfather\n\nChinatown\n\nSpirited Away\n\nThe Tale of Princess Kaguya', 'Lawrence of Arabia and the rest of David Lean‚Äôs work', 'The Goonies', 'Ikiru', 'The assassination of Jesse James, \nZodiac 2007,\nLawless', '[deleted]', 'A Woman Under the Influence (1974), Taste of Cherry (1997), Ratatouille (2007) and South Park: Bigger, Longer and Uncut (1999)', 'Good will hunting (1997)', 'Casablanca, Citizen Kane, Network.', '- Children of men \n- Silence of the lambs', 'manchester by the sea', 'Toni Erdmann', 'Boyhood\n\nAmerican history X', 'Brawl in Cell Block 99', 'Never Let Me Go', 'Back to the Future üëçüèªüëçüèª', 'Whiplash (2014)', 'Yi yi', 'The Cranes Are Flying', 'A very rare example of a good remake.', 'The green mile', 'The Tree of Life \n\nIt‚Äôs Such a Beautiful Day\n\nSilent Light (2007) \n\nChungking Express \n\nCity of God\n\nThe Act of Killing\n\nSon of Saul  \n\nMysterious Skin\n\nLilya 4-Ever\n\nTokyo Story\n\n2001: A Space Odyssey \n\nOasis (Lee Chang-dong)\n\nGummo \n\nCome and See \n\nSpring Breakers \n\nCitizen Kane\n\nAu Hasard Balthazar\n\nThe Seventh Seal\n\nBicycle Thieves \n\nLove Exposure \n\nBreathless \n\nThe Death of Mr Lazarescu\n\nI, Daniel Blake\n\nThe Intouchables \n\nAli: Fear Eats the Soul\n\nMelancholia \n\nAmerican Honey\n\nDo the Right Thing \n\nAs I Was Moving Ahead Occasionally I Saw Brief Glimpses of Beauty', ""Hey now. Let's not forget about part five."", 'Dead Poets Society', '- American Psycho\n- Trainspotting\n- Natural Born Killers\n- The Godfather II\n- Donnie Brasko\n- Memento\n- Pulp Fiction', 'The Devil‚Äôs Advocate', 'Rocky 1-4', 'The Man from Earth', 'my sister my daughter \n\nmy sister my daughter \n\nmy sister my daughter', 'Goodfellas (1990)\n\nDead Poets Society (1989)\n\nDog Day Afternoon (1975)\n\n12 Angry Men (1957)\n\nIt‚Äôs a Wonderful Life (1946)', 'The Shawshank redemption. \n\nThe good,the bad and the ugly.\n\n12 angry men. \n\nCity lights. \n\nGrave of the fireflies- Japanese Anime.', 'Soodhu Kavvum and 96 are excellent.', 'The Wizard of Oz', 'My Name Is Khan (2010)\n\nProject A (1983)\n\nMiracles (1988)\n\nOdd Thomas (2013)\n\nDreadnaught (1981)\n\nMr.Vampire (1985)\n\nSoodhu Kavvum (2013)\n\n96 (2018)\n\nThese are mixed genres from action comedies to great dramas', ""I just watched Chinatown. What a gut punch ending, goddamn. It was my first noir :')"", 'Man from Earth', 'La Haine, A brighter summer day, Irreversible, Chinatown, Persona, The seventh seal, Oldboy, Punch Drunk Love,  The Handmaiden', ""Schindler's List""]",158
34,2020-09-19 06:14:54,ivqp0t,suggest,30,"For me, I swear, I had skyscraper-sized expectations for this sci-fi epic, and Nolan shattered my tiny little building with his intergalactic delivery.  
Wow, seriously, what a film. Will go down as a classic years from now.  


[Interstellar](https://www.youtube.com/watch?v=2OMWesbgT4w&amp;list=PLM3vaNLPt4g76N6fb800_JiPutpC4bxJ8&amp;index=2&amp;t=10s)",What are your thoughts about Intersteller movie 2014?,"['Oh, no doubt TARS is boss on the water. It was just a bit pick. Black Hole scene blew my fkn mind!', 'Favorite movie of 2014', 'Nah. You‚Äôre blowing my mind. I dig the movie, but TARS and CASE are the MVPs. I conversely love their weird, sterile design. I don‚Äôt know how practical they would be but I could totally buy them as some weird ridiculous government expenditure, they look the part. and yeah! The water planet bit! The best part of the movie!', 'I wasn‚Äôt a fan. It felt like it was trying too hard to be 2001 but not committed enough to do it properly. The end of 2001 is weird and leaves you with questions while the end of Interstellar steals the aesthetic but practically spells out what‚Äôs happening to you, to the point of completely ruining any sort of interesting uncertainty by jumping the protagonist straight back to Earth so they can say goodbye to their daughter or whatever.', 'Your Post was Removed because this movie has been Suggested within the last 3 months. Please read [the Sticky](https://www.reddit.com/r/MovieSuggestions/comments/8iamsh/using_this_subreddit/) prior to participation.', '[removed]', 'It‚Äôs one of Nolan‚Äôs weaker movies imo. I would compare it to Prometheus. There‚Äôs a world where it‚Äôs a great movie but definitely falls for the trope where much of the tension is ‚Äúbrilliant technology utilized by dumb scientists‚Äù', 'Exactly, this put me off quite a bit. I love it when sci-fi movies keep true as much as possible to what is currently known in physics, which is exactly what this movie did, right up until the last 20-30 minutes. I‚Äôd rather have seen an ending that was more plausible/realistic.', ""It had some awesome set design and scoring, but it did highlight the overexposition that plagues Nolan's films. Storytelling and compelling characters are a very weak point of his."", ""I love Insomnia, it's probably my second favourite of his."", 'Essential sci-fi film and fine filmcraft. Didn‚Äôt really like all the star cameos, that was distracting.', ""That's the bit that makes it into a great film rather than a pretty good one"", 'Masterpiece.', 'Greatest Of All Time, IMO', 'brotha ouranomancy', 'Somewhat boring, nice effects, infuriating ending.', ""I wonder if such duality exists in the void or just in society. Does he really think it's a bad film, let alone Nolan's worst or the fact that it's a movie very much loved by most, affects his thinking?"", ""Nolan's best along with momento, a solid 8"", 'I loved it, but couldn‚Äôt get on with TARS. The awkward way it moved around, clunky and clumsy. He was cool on the water planet, m fucker rolled, but otherwise he pulled me out the story. A nit pick, I know. But what an epic story. Still prefer Inception.', 'Really great except for the stupid love shit', ""You should make it a suggestion. Flicks or movies encourage debate and reviews of movies, I've noticed more and more this sub is becoming the same. I do enjoy debating movies, just in the right arena. I would hate for this sub to lose its focus as it's great to see peoples varied viewings from around the world, if we are just going to start reviewing movies, the sub is going to lose its meaning and originality."", 'This isn‚Äôt a movie discussion subreddit.', 'Loved it, easily one of the best movies if not the best I‚Äôve ever seen.', 'The duality of man hahaha the top and bottom comment here üòÇüòÇ', ""It's an amazing movie!"", 'The world doesn\'t need any more engineers""  words you will never hear any honest or serious professional say', 'Same here, doubt I‚Äôll ever see a better movie', 'I loved it. It was a bit weird with the bookcase thing, but I loved It nonetheless. Great musical score too to boot', '[deleted]', "" The best movie I've ever seen in my life""]",30
35,2020-09-19 06:07:30,ivqls4,suggest,3,"Hii y‚Äôall , so recently I watched this korean movie called Forgotten (I think it‚Äôs also called recall the night) I was so blown away after watching it, I don‚Äôt even know how to describe it. It‚Äôs kinda similar to Parasite in the sense that there are so many plot twists! If you enjoyed parasite I really would recommend you go watch this. It‚Äôs on Netflix and it came out in 2017. If anyone has seen if I am interested to know what you thought of it. I think it‚Äôs a masterpiece, and the ending definitely had me in tears.",Forgotten/recall the night,"['Fair enough :)', 'Yes, i watch a lot of Korean movies, I wasn‚Äôt trying to compare them, i was more trying to say if people enjoyed parasite, then this would be a good movie for them :3', 'Good movie indeed, with a good surprising the twist. The twist really does it.\n\nNo need to compare it to Parasite, Korea has been making good movies for years, I mostly only watch Korean movies so can say Forgotten indeed deserves to be mentioned with the better Korean movies.']",3
36,2020-09-19 06:00:39,ivqiph,request,25,Doesn't need to be a horror per say. Any genre is fine. Just looking for some Halloween themed movies.,Best movies set at Halloween?,"[""Nobody's said *Cowboy Bebop: The Movie*?\n\nEd Wood"", 'Halloweentown! It‚Äôs not great, but it‚Äôs nostalgic and easy to watch.', 'üçÇüéÉthese are all of my personal favorites!\n\n-Thirteen Ghosts (2001 version, A MUST WATCH FOR HALLOWEEN)      \n\n-House On Haunted Hill (1999)     \n\n-The Haunting (1999)      \n\n-They (2002)     \n\n-Pulse (2006)     \n\n-The Texas Chainsaw Massacre (2003)     \n\n-Candyman (1992)     \n\n-Jeepers Creepers (2001)    \n\n-Bride of Chucky (1998)    \n\n-Leprechaun (1993)     \n\n-Wishmaster (1997)      \n\n-House of 1000 Corpses (2003)     \n\n-Catacombs (2007)     \n\n-Silent Hill (2006)      \n\n-The Skeleton Key (2005)      \n\n-One Missed Call (2008)      \n\n-Stay Alive (2006)      \n\n-White Noise (2005)      \n\n-Coraline     \n\n-Dark Shadows (2012 movie, not the tv show)', 'Donnie darko 100%', 'Steel magnolias only takes place during various holidays, and one of them is Halloween', 'Monster house', 'paranorman\n\nhalloween\n\nET\n\nCoco (Nov 1)', 'Die hard! Oh wait', ""Are you open to a mini-series?  Over the Garden Wall is great and it's only 10 11-minute episodes so it's not a long commitment."", 'The crow', 'TRICK R‚Äô TREAT', 'Skeleton twins', 'Trick ‚Äòr Treat (2007)', 'Ginger Snaps\n\nCasper', ""ET has a great Halloween scene as does The Karate Kid. \n\nSomeone suggested Donnie Darko, great recall on their part! That's a great one.\n\nMost of the good horror one have been mentioned like Trick 'r Treat or Tales of Halloween.\n\nüéÉ"", '[Murder Party \\(2007\\)](https://www.imdb.com/title/tt0878695/)', 'Hocus Pocus', ""Arsenic and Old Lace (1944). I am absolutely crazy about this movie. It's a dark comedy that takes place on Halloween."", 'E.T. (1982)\n\nSpaced Invaders (1990)\n\nGoosebumps 2: Haunted Halloween (2018)', 'Lmao. Yeah. My favorite horror movie of all time actually. Someone had to go there though.', 'Trick or treat, Halloween H20', 'Ok. I‚Äôll do it. Have you seen the original Halloween? Definitely worth watching.', '*The Nightmare before Christmas* of course!', 'Donnie Darko', 'Silent hill\n\nThe Descent\n\nThe Others\n\nMirrors']",25
38,2020-09-19 05:26:33,ivq40q,request,10,"I'm looking for films with a similar vibe as Call Me By Your Name. I love the feeling that I get watching this movie, and I'd love to see more films similar to it :)",Any suggestions?,"['Thank you!', 'Thank you!', 'Thank you!', 'Thank You!', 'Vicky Christina Barcelona maybe?', 'Thank you!', 'Carol.', 'Before sunrise, boyhood', 'Moonlight\n\nA Room With a View\n\nThe Dreamers\n\nMaurice\n\nPortrait of a Lady on Fire', 'Summer of 85 when it comes out (just saw it at TIFF and it‚Äôs great). Keep an eye out for it']",10
41,2020-09-19 04:58:07,ivprx4,request,18,Title pretty much says it all. Im feeling all depressed tonight so what better way to get past this feeling than wholly embracing it and crying my heart out to a really sad movie?,Im looking for a heart wrenching movie that will make me cry,"['Stella Dallas', 'Gutterbug', 'Never Let Me Go', 'The Book Thief and Lion. Two very  good movies that will have you choking on tears at the end', ""Departures (2008)\n\nMarie's Story (2014)"", 'The art of racing in the rain.... Has the same director as Marley and me', 'Requiem for a dream.', 'La Haine\nDear Zachary\nIrreversible\nOnce were warriors\nBoy', 'Manchester By The Sea', 'Dear Zachary, Tokyo Story, and Grave of the Fireflies', 'Roma (2018)', 'Coco or Up', 'Me and Earl and the dying girl', 'Beaches \n\nCoco\n\n\nThe shack \n\nRomeo and Juliet \n\nMarley and me\n\nGhost \n\nThe notebook\n\nA walk to remember \n\nLegends of the fall \n\nPs I love you', 'Grave of the Fire Flies', 'Warhorse.', '[Tearjerkers](https://www.reddit.com/r/MovieSuggestions/wiki/faq#wiki_tearjerkers) are a FAQ.\n\n*I am a bot, and this action was performed automatically. Please [contact the moderators of this subreddit](/message/compose/?to=/r/MovieSuggestions) if you have any questions or concerns.*']",17
42,2020-09-19 04:49:37,ivpoav,request,31,"i just rewatched Arrival (2016) and now i'm thirsty for other linguistic heavy films. i'm open for all genres and all kind of movies (tv shows too). it doesn't need to be english-to-alien like in Arrival; even if it's between two human languages i'm interested. :) also movies like ""we have this 4000 years old text we need to translate to modern language"" works if there are any like that. i like me some linguistic action

i'd rather avoid magical cure all solutions like (a very good example, i apologize haha) in Disney's Pocahontas where literal magic lets Pocahontas and John Smith communicate

thanks!",Linguistic/language heavy films like Arrival,"[""- The Translators AKA Les Traducteurs\n\nIt's about a group of translators from various countries that consent to being locked in a bunker to translate a highly anticipated novel.\n\nLanguage plays a major part especially in a very multilingual climactic scene.\n\n- Close Encounters of the Third Kind"", 'oo nice, thank you!!', ""thanks! i've heard the title for years, it's funny how i didnt even think of it now xD should be obvious haha"", 'i absolutely will, thank you!!', ""Not sure if you're into international movies, but watch this hindi movie 'English Vinglish' It's a Hindi Movie about a story of an ordinary housewife and how she enrolls in a English speaking institute with a bunch of amazing other people and how ultimately it evolves her as a person. It's linguistic + feel good family movie. Hope you consider this too."", ""It depends upon the person's mentality I don't take it ssly but ppl might get triggered as some strong stereotypes are there :)"", 'I remember that being entertaining in the 70s(?) but it can‚Äôt have aged well', 'Lost in Translation', 'Prometheus is also sci-fi film ,would greatly recommend it.', 'thank you!', ""i'll check it out, thank you!"", ""youre right, it is!! i'll have to watch it again with this in mind :D thanks!"", 'thanks!', ""that sounds super intriguing :D i'll have to check it out, ty!!"", 'You‚Äôre welcome, enjoy! I also love any media with a linguistic slant - partly cos I have a degree in the damn thing haha.', 'The best is arguably **The Miracle Worker** (1962)', ""i'll have to check out both, they sound super neat!! thank you!"", ""youre righttt, i never thought of that xD i'll have to pay attention to that next time i watch it haha"", ""i've heard the name but i haven't seen this movie :D i'll check it out, ty!"", ""ty!! i'll def look into these :)"", ""that's super interesting!! i'll definitely have to check it out :D thanks!"", 'Mind your Language is a comedy show about people from different backgrounds trying to learn English', 'The Shape of Water is about communication.', 'Stargate', 'The 13th warrior.  arab goes with vikings on an adventure and learns language.  https://www.youtube.com/watch?v=aVVURiaVgG8  big scene here', 'Seconding TBatB!', 'Manhunt: Unabomber is a fantastic thriller TV show on Netflix with Sam Worthington (Jake Sully in Avatar) as a criminal profiler for the FBI, tracking down (an almost unrecognisable) Paul Bettany as the Unabomber. It‚Äôs essentially about the birth of forensic linguistics as a tool in criminal profiling, so as well as being a really gripping thriller, it‚Äôs an exciting look at new forms of linguistic analysis being used to crack the case. Kinda like Mindhunter with language.\n\nAlso The King‚Äôs Speech has a great linguistic-based plot, with Geoffrey Rush as King George‚Äôs speech therapist - at a time when his (quite modern) views on speech pathology were seen as controversial or unusual.', 'Inglourious Basterds is quadrilingual, and the villain speaks all four languages.', 'Stargate (1994) has a translation subplot.', 'The Diving Bell and the Butterfly\n\nBabel (Alejandro Gonzalez Inarritu)\n\nThe King‚Äôs Letters (South Korea)', ""*Land of Silence and Darkness* (1971), a documentary from Werner Herzog, about people who are deaf AND blind, and how we learn to find ways to communicate with each other.\n\nYou have especially this famous scene of speaking-learning with death-and-blind children, using the sound waves, at 1h01'26 (subs to activate) : https://youtu.be/xb1RlZ_FRh4?t=3686""]",31
43,2020-09-19 04:00:32,ivp3hn,request,1,"I know this quote's from Glengarry Glen Ross, but I've heard it parodied before and can't remember where for the life of me. Anyone here know?","""The leads are weak. The ****ing leads are weak? You're weak.""","[""I'm guessing it's been parodied in a few places, but this is the one I know from an episode of 30 Rock\n\nhttps://youtu.be/S--9jAVjd34\n\nAlso it might be helpful to go to r/tipofmytongue for help on this""]",1
44,2020-09-19 03:28:05,ivoqnu,request,11,Please keep your suggestions broad as I watched pretty much everything out there. Thanks!,"Looking for a good Psychological Thriller (e.g. Identity, Shutter Island, Black Swan)","['Forgotten (Korean thriller).', 'Memento\n\nThe Machinist', '* Gone Girl (2014)\n* Inception (2010)\n* The Girl on the Train (2016)\n* Get Out (2017)\n* Us (2019)\n* American Psycho (2000)\n* Vertigo (1958)\n* Ma (2019)', ""Dogtooth (2009)\n\nAlso have you seen everything from Lars Von Trier? What about Christopher Nolan? \n\nFrailty (2002)\n\nJacob's Ladder (1990)\n\nI feel your pain on looking for actually well-done thrillers, I guess at some point you'll just have to start watching older movies from the 50's onward or something because not very many are made per year"", 'Enemy', '[Woman in the Dunes](https://letterboxd.com/film/woman-in-the-dunes/)\n\n[Persona](https://letterboxd.com/film/persona/)\n\n[Rashomon](https://letterboxd.com/film/rashomon/)\n\n[Perfect Blue](https://letterboxd.com/film/perfect-blue/)\n\n[Burning](https://letterboxd.com/film/burning-2018/)\n\n[The Lighthouse](https://letterboxd.com/film/the-lighthouse-2019/)\n\n[Memories of Murder](https://letterboxd.com/film/memories-of-murder/)\n\n[The Handmaiden](https://letterboxd.com/film/the-handmaiden/)\n\n[Oldboy](https://letterboxd.com/film/oldboy/)\n\n[Mulholland Drive](https://letterboxd.com/film/mulholland-drive/)', 'Yea I liked it have you seen what lies beneath?', 'Seen. What a masterpiece that was. Now that I think about it might re-watch tonight.', 'Prisoners', '[Psychological Thrillers](https://www.reddit.com/r/MovieSuggestions/wiki/faq#wiki_psychological_thrillers) are a FAQ.\n\n*I am a bot, and this action was performed automatically. Please [contact the moderators of this subreddit](/message/compose/?to=/r/MovieSuggestions) if you have any questions or concerns.*']",10
45,2020-09-19 02:44:12,ivo8ks,request,8,"Hey. Can you please give me titles for good movies like the thinning and what happened to Monday?
Also anything about time loops.
Thanks",Requesting good movies,"['Palm springs.', 'Enter the void', '* Predestination (2014)\n* Donnie Darko (2001)\n* Interstellar (2014)', 'ARQ\n\nSource Code', '[A Day](https://letterboxd.com/film/a-day-2017/)', 'Looper', 'Groundhog day \n\n\nEdge of tomorrow \n\nTime crimes\n\nPrimer\n\nAre good time loop movies', 'Time crimes']",8
47,2020-09-19 00:25:03,ivmjg0,request,146,I want to feel like being in love after I watch this movie. Like that feeling when you see the person you have a crush on. I want to feel the first-date butterflies. Thanks guys.,Suggest me a movie that gives you butterflies,"['What dreams may come', 'Stranger Than Fiction (2006)', ""Raising Victor Vargas. It got added to Netflix recently! Such a sweet story and underrated gem with the best movie grandma ever omg. It has the same director as Nick and Norah's infinite playlist, which someone else suggested here."", 'Love, Rosie', 'Did nobody mention The Notebook??', 'Funny, cos the other movie I mentioned is directed by Woody Allen.', 'Pride and Prejudice.', 'Lost in translation. Oh my heart.', 'How so?', 'Movies that made me feel warm and fuzzy:\n-Shape of Water \n-birdman \n-dead poet society \n-the graduate \n-punch drunk love', 'Love rosie\nFive feet apart\nObvious child (!!)\nFrances ha\nSing street\nStuck in love', 'Fight club', 'Bill Nighy is a magic actor.  I adore him.', 'be aware that it has a very ""racist / conservative"" twist on france\n\nthe director is a hard line conservative', 'This miniseries blew me out of the water and prompted me to read the book. It made me desperately want to be in my 20s and in love again. I definitely want to watch the series again, but the last paragraph of the book was so devastating that I don‚Äôt know if I can circle back to it for a while.', ""A filmmaker friend insisted La La Land was a must-see and I still haven't brought myself to watch it. \n\nTotally agree about Jojo Rabbit. The very last scene on the doorstep was amazing."", 'Midnight in Paris', ""I can't tell if it's supposed to be funny by how bad a job it does at describing the movie. I wasn't prepared to like it, but that was one crazy-ass movie."", 'Calle me voy your name\nAwesome soundtrack, and a heartbreaking story', 'Second this', 'Mr. Nobody', 'Ahh man of culture', 'On the Waterfront (1954) did this for me. When Marlon Brando‚Äôs character was looking at and talking to Eva Marie Saint‚Äôs character I felt like he was talking to me! My heart was pounding!', 'What Dreams May Come, Beaches, First Person (docu-series)', 'Pride and Prejudice (2005)', ""303- it's a German movie. Check it out\n\nAnd ofcourse the before trilogy ‚ù§Ô∏è"", 'From Up On Poppy Hill  \nPostwar Japan, dramatic teen romance. It gets me every time.', 'Butterfly effect', 'Little Miss Sunshine', 'I‚Äôve rewatched these so many times, they still give me butterflies and I don‚Äôt even like romantic movies', 'I think of that scene every time* I wake up in bed with someone I truly adore.\n\n*Every time = twice.', 'Whiplash', 'The Sun is Also a Star  \nUnder rated movie imho and definitely gave me those feelings', ""There's one scene in The Amazing Spider Man that's like that. But Bandslam for me is the one."", '[removed]', 'And Boring.', 'Not a movie but an episode of black mirror called San junipero.', 'Jerry Maguire or Sleepless in Seattle. üëçüèª', 'Already seen the Before trilogy commented here, but need to reinforce it. Portrait of a Lady on Fire as well', 'Forget Paris', '‚ÄúWould you fuck me?‚Äù', '303 (2018)\nTramps (2016)', ""Almost Famous\n\nThe Breakfast Club\n\nThe Silence of the Lambs (I swear i'm not kidding)\n\nSuper 8\n\nStand by Me"", 'Wicker Park gives all the emotions', 'Thank you', 'Buffalo ‚Äò66 and Warm Bodies', 'Begin Again,Jane Eyre', 'Love and other drugs', 'Notting hill', 'Yes 100%. That simple record booth scene in the first film is one of my favorite ‚Äòfalling in love‚Äô scenes of all time', '\nVada Chennai\n\nDetective Byomkesh Bakshi\n\nIndru Netru Naalai\n\nPadayottam\n\n7th day\n\nIttefaq', 'Nottinghill - one of the few chick flicks that I enjoy watching.  Julia Roberts and Hugh Grant - great chemistry and great cast of supporting characters.', 'Crazy stupid Love', 'Also great for time travel fans', 'Roger Doger (2002) It‚Äôs not really romantic, but it gave me a kind of butterflies feeling combined with motivation to ‚Äúget out there‚Äù in a dating since when I saw it back in the day.', 'It never fails to give me butterflies, I cry at the end everytime.', ""You've got Mail\nSleepless in Seattle\nProfessor Marston and the Wonder Women\nMr. Right"", 'La La Land', 'Like Water for Chocolate', ""People mention Dirty Dancing and I immediately agree and then I remember I'm thinking about Roadhouse."", 'Ew', 'Chungking Express', 'Comrades, Almost a Love Story', '50 First Dates', 'La La Land, absolute chills. \n\nAlso Jojo Rabbit. You‚Äôll get even more butterflies the second time you watch it', 'Amelie IS that feeling, the personification of a love letter through whimsy!', 'Yo...normal people is SO good and no one talks about it. Such a deceptively simple story but the love is so powerful....ugh I want to watch again', 'The Keira knightly version  for SURE. I‚Äôve seen it about 100 times. Might be my favorite comfort/romance movie of all time', 'Good suggestion. This movie is so simple but so sweet', 'Almost famous is such a warm movie. Good vibes', 'La la land. Maybe my favorite ending to anymovie i have ever seen. Trust me you will have goosebumps, be totaly mind fucked and probably crying', 'Peanut butter falcon', 'A walk to remember', ""[Somewhere In Time (1980)](https://m.imdb.com/title/tt0081534/)\n\nI mean, Christopher Reeve attempts to travel back in time by *sheer force of will* to meet Jane Seymour. How much more romantic can you get?\n\nAlso helped immensely by John Barry's lush orchestral score."", 'A Very Long Engagement', 'Love, Actually\n\nA Lot Like Love\n\nSinging in the Rain', 'In the Mood for Love', ""'Your name' it's a anime movie but trust me on this one you wish you never saw it so you can see it again for first time."", 'Whisper of the Heart', '10 Things I Hate About You is a cheesey teen romcom but it‚Äôs one of the sweetest things I‚Äôve watched. If you can appreciate/ignore the corny humor, it will definitely give you the first crush butterflies. Also, Heath Ledger is amazing in his breakout role.', 'Nick &amp; Norah‚Äôs Infinite Playlist (particularly if you were a nerdy introverted teen who liked music and making mixtapes)', 'Sliding Doors - [https://www.imdb.com/title/tt0120148/](https://www.imdb.com/title/tt0120148/) \\- Is the best what-if RomCom.  It takes a seemingly nonsignificant incident and follows both timelines.', 'Enchanted April is lovely.', 'Normal People (mini series)', '*The Red Shoes*\n\nIt‚Äôs the stuff of dreams', 'You know that feeling when you are depressed because you can‚Äôt seem to find someone to love you and you feel like you‚Äôre going to die alone? That depressive feeling you get when you see other couples being happy and thinking ‚ÄúI‚Äôll never have that.‚Äù? Or the feeling you get when you went out on a date with a girl and then she told you that this won‚Äôt work out, that she simply doesn‚Äôt like you in that way? \n\nWell, I felt all of that for two days straight after watching ‚ÄúHer‚Äù, despite the fact that I watched it with the most wonderful woman I‚Äôve ever met, at her house, on our fifth or sixth date. \nCut to two years later, I am still with that woman (I‚Äôm most likely marrying her some day) and this movie still makes me feel like I am alone and will never find love...', 'Wild hearts can‚Äôt be broken', 'Fly, fly little starling. \n\nI cry every time üò≠üíî', 'Beginners (2010)', 'Just checking some cat mentioned this. I‚Äôm off now.', 'As always', 'Yeah, with Alisha Cuthbert looking absolutely ravishing', 'Before trilogy. \nEternal Sunshine', 'Along Came Polly', 'Came to say this. And also there‚Äôs another french movie called Ma vie en l‚Äôair (love is in the air) and Child‚Äôs play (marion cortillard is in it) that I think are in the same vein of Amelie', 'Is the Hollywood one a remake or something?', 'Yes!!', ""It's like a chick flick for dudes too, in all the best ways"", 'About Time  \nYour Name  \nRoman Holiday', 'Maybe not romancey butterflies but happiness/aww how cute butterflies - Little Manhattan. It‚Äôs more of a children‚Äôs movie I guess and maybe I‚Äôm partial to it because I first watched it as a kid but it always makes me happy, it‚Äôs so adorable', 'But I‚Äôm a Cheerleader', 'A brighter summer day', 'Punch drunk love', 'Before trilogy', 'Interstellar', 'Amelie for sure. Such a sweet movie', 'The Wedding Singer still does it for me.', 'Arrival. Wind River.  Field of Dreams.', 'This makes me think of Cairo Time', 'Across the universe', 'A Star is Born (2018)', 'La La Land!!', 'The Shape of Water (2017)', ""Harold and Maude (1971)\n\nThe love story always gives me butterflies but particularly the scene when they are in bed after sex and Harold is blowing bubbles. The look on Harold's face reminds me of all the wonder those experiences had when I was a bumbling, wide eyed youth."", 'Came here to say this!', 'You‚Äôve Got Mail, 10 Things I Hate About You, 13 Going on 30, The Princess Bride, Pride and Prejudice, About Time, The Wedding Singer, Enchanted', 'Its not movie, its kdrama (korean drama) ""weightlifting fairy kim bok joo"" believe me, once u start, there\'s no way out from kdrama world.', 'Lady Bird gave me that feeling, also 500 days of summer', 'Dirty Dancing', 'Call Me By Your Name', 'If you don‚Äôt mind a little LGBTQ+ content:\n\nCarol\n\nFucking √Öm√•l\n\nVita and Virginia \n\nOur Love Story', 'THISSSSS but also be prepared for tears', 'The lighthouse\n\nShutter island', 'Eternal sunshine of the spotless mind', 'Garden State - so many shots that portray ""that is exactly what I feel when I look at my SO"" moments', 'About Time ‚ù§Ô∏è‚ù§Ô∏è', 'Amelie, Everyone says I love you', 'LMAO. This doesn‚Äôt deserve the downvotes üòÇ', 'Definitely the GOAT', 'Almost Famous. It‚Äôs not all Romance but those elements are pure butterfly material.\n\nAlso, potentially controversial, Blue Is The Warmest Colour.', 'Brooklyn!!!!!!', 'Possession (2002)\n\nSliding Doors (1998)\n\nMansfield Park (1999)', 'Midsommar. An epic story of how a couple who have issues sort it out by going on a trip with other friends by participating in festivals and stuff.', 'The Magic of ordinary days (YouTube), The Wedding Singer, Pride and Prejudice (Colin Firth version), Sweet Lies (Korean movie), Almost Love (K Movie) ..\n\nEdit: Never been kissed (Drew Barrymore)', 'Her', 'Chunking express', 'My sassy girl, corean version', 'Howl‚Äôs Moving Castle', 'La la land', ""'my sassy girl' Korean or Hollywood, both are cute"", 'Out of Sight.', 'Far From the Madding Crowd\n\nPride &amp; Prejudice', 'Linklaters ‚ÄòBefore‚Äô trilogy set my standard for Romance, definitely butterfly material', 'Not a movie but the new Korean drama Record of Youth starring Park So Dam (Parasite) might be what you are looking for. The two leads have great chemistry.', 'LMAO I love that this was the only comment omg.', 'The Silence of the Lambs']",146
48,2020-09-19 00:00:40,ivm78y,request,7,"As the title says, really enjoyed the Divergent series and was looking for more movie(s) similar to that or the Maze Runner series.",Movie(s) like the Divergent series,"['Tomorrow when the war began. Aussie movie, 2010, also a series.', 'Battle Royale\nBrick', 'Battle Royale\n\nCity of Ember\n\nEnder‚Äôs Game\n\nMortal Engines', ""Thanks! I've seen a few of these but I'll give the others a look at!"", 'You looking for those teen dystopian films ? \nLike:\n\nHunger Games (series)\n\nThe Giver\n\nThe Darkest Minds\n\nThe Host\n\nThe 5th Wave\n\nI am number four \n\nOther: \n\nWhat Happened to Monday\n\nThe Lobster \n\nSnowpiercer\n\nReady Player One', '[removed]']",6
49,2020-09-18 23:07:12,ivlgzz,request,4,"Any suggestions that are a coming of age story, both serious and funny, and set in the past? Doesn‚Äôt have to be WWII.",Coming of age period dramedy like Hope and Glory,"['We Are the Best!', 'Not my favourite but ‚ÄùYoung Victoria‚Äù 2009 fits. If you look around a bit there is a lot of Coming of age movies from royale houses', '[Coming of Age](https://www.reddit.com/r/MovieSuggestions/wiki/faq#wiki_coming_of_age) is a FAQ.\n\n*I am a bot, and this action was performed automatically. Please [contact the moderators of this subreddit](/message/compose/?to=/r/MovieSuggestions) if you have any questions or concerns.*']",3
